{
  "mean_avg": 51.57253987747365,
  "mean_std": 4.119103136973881,
  "std_avg": 56.514346725060534,
  "std_std": 4.07938980375706,
  "area_avg": 16.175088888888887,
  "area_std": 1.6873392867594754
}